Project Name,Test Suite Name,Test Method Name,Category,File Extension
volux,test_operator,test_remove_missing_module,NIO,py
Pyro5,test_pyro4compat,test_compat_config,OD,py
regex4ocr,test_drm_scanner,test_scan_drms_folder,OD,py
thundra-lambda-agent-python,test_log_plugin,test_log_plugin_with_initialization,NIO,py
modular-java-example,AuthenticationClientTest,testCreateUser,ID,groovy
modular-java-example,AuthenticationClientTest,testCreateUserThrowsOn409s,ID,groovy
modular-java-example,AuthenticationClientTest,testSuccessfulLogin,ID,groovy
modular-java-example,AuthenticationClientTest,testUnsuccessfulLogin,ID,groovy
Azurite,XMLParserTest,parse,ID,groovy
Gradle-License-Report,LicenseBundleNormalizerSpec,"""The regular expression must be matched""",ID,groovy
jreleaser,LinkedinSdkTest,testMessageWithExplicitOwner,ID,groovy
jreleaser,LinkedinSdkTest,testMessageWithImplicitOwner,ID,groovy
idea-gradle-dependencies-formatter,MavenToGradleConverterTest,"""maven dependency with two unsupported elements""",ID,groovy
uPortal,IdentityImportExportTest,testStylesheetDescriptor40ImportExport,ID,groovy
asset-share-commons,AssetRenditionsDownloadServletTest,doPost,ID,java
asset-share-commons,AssetRenditionsZipperImplTest,getZipEntryName,ID,java
asset-share-commons,AssetRenditionsZipperImplTest,getZipEntryName_GenerateUniqueZipFileNameEntry,ID,java
asset-share-commons,AssetRenditionsZipperImplTest,pack,ID,java
fastjson,DateTest,test_date,OD,java
fastjson,DateTest_tz,test_codec,OD,java
fastjson,Issue1298,test_for_issue,OD,java
fastjson,Issue1298,test_for_issue_1,OD,java
fastjson,Issue1679,test_for_issue,OD,java
fastjson,Issue1977,test_for_issue,OD,java
innodb-java-reader,SimpleSkTableReaderTest,testQueryAllIteratorMysql56,ID,java
innodb-java-reader,SimpleSkTableReaderTest,testQueryAllIteratorMysql57,ID,java
innodb-java-reader,SimpleSkTableReaderTest,testQueryAllIteratorMysql80,ID,java
innodb-java-reader,SimpleSkTableReaderTest,testQueryBySkAddress56,ID,java
innodb-java-reader,SimpleSkTableReaderTest,testQueryBySkAddress57,ID,java
innodb-java-reader,SimpleSkTableReaderTest,testQueryBySkAddress80,ID,java
innodb-java-reader,SimpleSkTableReaderTest,testQueryBySkAddressProjectionMysql56,ID,java
innodb-java-reader,SimpleSkTableReaderTest,testQueryBySkAddressProjectionMysql57,ID,java
innodb-java-reader,SimpleSkTableReaderTest,testQueryBySkAddressProjectionMysql80,ID,java
innodb-java-reader,SimpleSkTableReaderTest,testQueryBySkAgeDescMysql56,ID,java
innodb-java-reader,SimpleSkTableReaderTest,testQueryBySkAgeDescMysql57,ID,java
innodb-java-reader,SimpleSkTableReaderTest,testQueryBySkAgeDescMysql80,ID,java
innodb-java-reader,SimpleSkTableReaderTest,testQueryBySkAgeMysql56,ID,java
innodb-java-reader,SimpleSkTableReaderTest,testQueryBySkAgeMysql57,ID,java
innodb-java-reader,SimpleSkTableReaderTest,testQueryBySkAgeMysql80,ID,java
innodb-java-reader,SimpleSkTableReaderTest,testQueryBySkAgeProjectionDescMysql56,ID,java
innodb-java-reader,SimpleSkTableReaderTest,testQueryBySkAgeProjectionDescMysql57,ID,java
innodb-java-reader,SimpleSkTableReaderTest,testQueryBySkAgeProjectionDescMysql80,ID,java
innodb-java-reader,SimpleSkTableReaderTest,testQueryBySkAgeProjectionMysql56,ID,java
innodb-java-reader,SimpleSkTableReaderTest,testQueryBySkAgeProjectionMysql57,ID,java
innodb-java-reader,SimpleSkTableReaderTest,testQueryBySkAgeProjectionMysql80,ID,java
innodb-java-reader,SimpleSkTableReaderTest,testQueryBySkAgeSalaryMysql56,ID,java
innodb-java-reader,SimpleSkTableReaderTest,testQueryBySkAgeSalaryMysql57,ID,java
innodb-java-reader,SimpleSkTableReaderTest,testQueryBySkAgeSalaryMysql80,ID,java
innodb-java-reader,SimpleSkTableReaderTest,testQueryBySkCityMysql56,ID,java
innodb-java-reader,SimpleSkTableReaderTest,testQueryBySkCityMysql57,ID,java
innodb-java-reader,SimpleSkTableReaderTest,testQueryBySkCityMysql80,ID,java
innodb-java-reader,SimpleSkTableReaderTest,testQueryBySkDeptnoLevelNameMysql56,ID,java
innodb-java-reader,SimpleSkTableReaderTest,testQueryBySkDeptnoLevelNameMysql57,ID,java
innodb-java-reader,SimpleSkTableReaderTest,testQueryBySkDeptnoLevelNameMysql80,ID,java
innodb-java-reader,SimpleSkTableReaderTest,testQueryBySkEmailProjectionMysql56,ID,java
innodb-java-reader,SimpleSkTableReaderTest,testQueryBySkEmailProjectionMysql57,ID,java
innodb-java-reader,SimpleSkTableReaderTest,testQueryBySkEmailProjectionMysql80,ID,java
innodb-java-reader,SimpleSkTableReaderTest,testQueryBySkJoinDateMysql56,ID,java
innodb-java-reader,SimpleSkTableReaderTest,testQueryBySkJoinDateMysql57,ID,java
innodb-java-reader,SimpleSkTableReaderTest,testQueryBySkJoinDateMysql80,ID,java
innodb-java-reader,SimpleSkTableReaderTest,testQueryBySkLevel56,ID,java
innodb-java-reader,SimpleSkTableReaderTest,testQueryBySkLevel57,ID,java
innodb-java-reader,SimpleSkTableReaderTest,testQueryBySkLevel80,ID,java
innodb-java-reader,SimpleSkTableReaderTest,testQueryBySkNameMysql56,ID,java
innodb-java-reader,SimpleSkTableReaderTest,testQueryBySkNameMysql57,ID,java
innodb-java-reader,SimpleSkTableReaderTest,testQueryBySkNameMysql80,ID,java
innodb-java-reader,SimpleSkTableReaderTest,testQueryBySkPutOrdinal56,ID,java
innodb-java-reader,SimpleSkTableReaderTest,testQueryBySkPutOrdinal57,ID,java
innodb-java-reader,SimpleSkTableReaderTest,testQueryBySkPutOrdinal80,ID,java
jetcache,CreateCacheTest,test,ID,java
jetcache,CaffeineCacheTest,test,ID,java
jetcache,LinkedHashMapCacheTest,test,ID,java
Sentinel,SentinelConfigTest,testDefaultConfig,OD,java
alien4cloud,LdapAuthenticationProviderTest,testLdapUserImport,OD,java
activemq,StompAutoNioSslTest,testTransformationNotOverrideSubscription,ID,java
activemq,StompAutoNioSslTest,testTransformationReceiveJSONObject,ID,java
activemq,StompAutoNioSslTest,testTransformationReceiveObject,ID,java
activemq,StompAutoNioSslTest,testTransformationReceiveXMLObject,ID,java
activemq,StompAutoNioSslTest,testTransformationReceiveXMLObjectAndMap,ID,java
activemq,StompAutoNioSslTest,testTransformationSubscribeXML,ID,java
activemq,StompAutoNioTest,testTransformationNotOverrideSubscription,ID,java
activemq,StompAutoNioTest,testTransformationReceiveJSONObject,ID,java
activemq,StompAutoNioTest,testTransformationReceiveObject,ID,java
activemq,StompAutoSslTest,testTransformationNotOverrideSubscription,ID,java
activemq,StompAutoSslTest,testTransformationReceiveObject,ID,java
activemq,StompAutoSslTest,testTransformationReceiveXMLObject,ID,java
activemq,StompAutoSslTest,testTransformationReceiveXMLObjectAndMap,ID,java
activemq,StompAutoSslTest,testTransformationSubscribeXML,ID,java
activemq,StompAutoTest,testTransformationReceiveJSONObject,ID,java
activemq,StompAutoTest,testTransformationReceiveObject,ID,java
activemq,StompAutoTest,testTransformationReceiveXMLObject,ID,java
activemq,StompAutoTest,testTransformationReceiveXMLObjectAndMap,ID,java
activemq,StompAutoTest,testTransformationSubscribeXML,ID,java
activemq,StompNIOSSLTest,testTransformationNotOverrideSubscription,ID,java
activemq,StompNIOSSLTest,testTransformationReceiveJSONObject,ID,java
activemq,StompNIOSSLTest,testTransformationReceiveXMLObject,ID,java
activemq,StompNIOSSLTest,testTransformationReceiveXMLObjectAndMap,ID,java
activemq,StompNIOSSLTest,testTransformationSubscribeXML,ID,java
activemq,StompNIOTest,testTransformationNotOverrideSubscription,ID,java
activemq,StompNIOTest,testTransformationReceiveJSONObject,ID,java
activemq,StompNIOTest,testTransformationReceiveObject,ID,java
activemq,StompNIOTest,testTransformationReceiveXMLObject,ID,java
activemq,StompNIOTest,testTransformationReceiveXMLObjectAndMap,ID,java
activemq,StompNIOTest,testTransformationSubscribeXML,ID,java
activemq,StompSslAuthTest,testTransformationNotOverrideSubscription,ID,java
activemq,StompSslAuthTest,testTransformationReceiveJSONObject,ID,java
activemq,StompSslAuthTest,testTransformationReceiveObject,ID,java
activemq,StompSslAuthTest,testTransformationReceiveXMLObject,ID,java
activemq,StompSslAuthTest,testTransformationReceiveXMLObjectAndMap,ID,java
activemq,StompSslAuthTest,testTransformationSubscribeXML,ID,java
activemq,StompSslTest,testTransformationReceiveJSONObject,ID,java
activemq,StompSslTest,testTransformationReceiveObject,ID,java
activemq,StompSslTest,testTransformationReceiveXMLObjectAndMap,ID,java
activemq,StompSslTest,testTransformationSubscribeXML,ID,java
commons-collections,DualHashBidiMapTest,testBidiKeySetValuesOrder,ID,java
commons-lang,ReflectionToStringBuilderSummaryTest,testSummary,ID,java
curator,TestReconfiguration,testAdd,ID,java
curator,TestReconfiguration,testAddAndRemove,ID,java
curator,TestReconfiguration,testAddAndRemoveWithEmptyList,ID,java
curator,TestReconfiguration,testAddAsync,ID,java
curator,TestReconfiguration,testBasicGetConfig,ID,java
curator,TestReconfiguration,testNewMembersWithEmptyList,ID,java
curator,TestReconfiguration,testRemoveWithChroot,ID,java
curator,TestJsonInstanceSerializerCompatibility,testCompatibilityMode,ID,java
cxf,AttachmentUtilTest,bigIntAsAttachmentMaxSize,OD-Vic,java
cxf,AttachmentUtilTest,byteAsAttachmentMaxSize,OD-Vic,java
cxf,AttachmentUtilTest,fileAsAttachmentDirectory,OD-Vic,java
cxf,AttachmentUtilTest,integerAsAttachmentMaxSize,OD-Vic,java
cxf,AttachmentUtilTest,longAsAttachmentMaxSize,OD-Vic,java
cxf,AttachmentUtilTest,numberStringAsAttachmentMaxSize,OD-Vic,java
cxf,AttachmentUtilTest,shortAsAttachmentMaxSize,OD-Vic,java
cxf,AttachmentUtilTest,stringAsAttachmentDirectory,OD-Vic,java
cxf,CacheAndWriteOutputStreamTest,testDeleteTmpFile,OD-Brit,java
cxf,CachedOutputStreamTest,testDeleteTmpFile,OD-Brit,java
dolphinscheduler,params,testGetParamsJson,ID,java
dubbo,FstObjectInputTest,testEmptyByteArrayForEmptyInput,OD-Vic,java
dubbo,PojoUtilsTest,testArrayToCollection,OD-Vic,java
dubbo,PojoUtilsTest,testCollectionToArray,OD-Vic,java
dubbo,PojoUtilsTest,testListPojoListPojo,OD-Vic,java
dubbo,PojoUtilsTest,testMapField,OD-Vic,java
dubbo,PojoUtilsTest,testPojoList,OD-Vic,java
dubbo,PojoUtilsTest,testPublicField,OD-Vic,java
dubbo,PojoUtilsTest,testRealizeLinkedList,OD-Vic,java
dubbo,PojoUtilsTest,testStackOverflow,OD-Vic,java
dubbo,PojoUtilsTest,test_has_no_nullary_constructor_pojo,OD-Vic,java
dubbo,PojoUtilsTest,test_LoopPojoInList,OD-Vic,java
dubbo,PojoUtilsTest,test_LoopPojoInMap,OD-Vic,java
dubbo,PojoUtilsTest,test_Loop_pojo,OD-Vic,java
dubbo,PojoUtilsTest,test_Map_List_pojo,OD-Vic,java
dubbo,PojoUtilsTest,test_pojo,OD-Vic,java
dubbo,PojoUtilsTest,test_PojoArray,OD-Vic,java
dubbo,PojoUtilsTest,test_PojoInList,OD-Vic,java
dubbo,PojoUtilsTest,test_simpleCollection,OD-Vic,java
dubbo,PojoUtilsTest,test_total,OD-Vic,java
dubbo,PojoUtilsTest,test_total_Array,OD-Vic,java
dubbo,ChangeTelnetHandlerTest,testChangeServiceNotExport,OD-Vic,java
dubbo,PortTelnetHandlerTest,testListAllPort,OD-Vic,java
dubbo,PortTelnetHandlerTest,testListDetail,OD-Vic,java
dubbo,JavassistProxyFactoryTest,testGetInvoker,OD-Vic,java
dubbo,JdkProxyFactoryTest,testGetInvoker,OD-Vic,java
flink,FileStateBackendMigrationTest,testKeyedMapStateAsIs,ID,java
flink,FileStateBackendMigrationTest,testKeyedMapStateSerializerReconfiguration,ID,java
flink,FileStateBackendMigrationTest,testKeyedMapStateStateMigration,ID,java
flink,SlotAllocationTest,testCoOperation,ID,java
flink,SlotAllocationTest,testUnion,ID,java
hadoop,TestRpcProgramNfs3,testAccess,OD-Vic,java
hadoop,TestRpcProgramNfs3,testCommit,OD-Vic,java
hadoop,TestRpcProgramNfs3,testCreate,OD-Vic,java
hadoop,TestRpcProgramNfs3,testEncryptedReadWrite,OD,java
hadoop,TestRpcProgramNfs3,testFsinfo,OD-Vic,java
hadoop,TestRpcProgramNfs3,testFsstat,OD-Vic,java
hadoop,TestRpcProgramNfs3,testGetattr,OD-Vic,java
hadoop,TestRpcProgramNfs3,testLookup,OD-Vic,java
hadoop,TestRpcProgramNfs3,testMkdir,OD-Vic,java
hadoop,TestRpcProgramNfs3,testPathconf,OD-Vic,java
hadoop,TestRpcProgramNfs3,testRead,OD-Vic,java
hadoop,TestRpcProgramNfs3,testReaddir,OD-Vic,java
hadoop,TestRpcProgramNfs3,testReaddirplus,OD-Vic,java
hadoop,TestRpcProgramNfs3,testReadlink,OD-Vic,java
hadoop,TestRpcProgramNfs3,testRemove,OD-Vic,java
hadoop,TestRpcProgramNfs3,testRename,OD-Vic,java
hadoop,TestRpcProgramNfs3,testRmdir,OD-Vic,java
hadoop,TestRpcProgramNfs3,testSetattr,OD-Vic,java
hadoop,TestRpcProgramNfs3,testSymlink,OD-Vic,java
hadoop,TestRpcProgramNfs3,testWrite,OD-Vic,java
hadoop,TestMetricsSystemImpl,testInitFirstVerifyCallBacks,ID,java
hadoop,TestMetricsSystemImpl,testInitFirstVerifyStopInvokedImmediately,ID,java
hop,DatabaseLookupMetaTest,testProvidesModelerMeta,ID,java
hop,PropertyInputContentParsingTest,testDefaultOptions,ID,java
ignite-3,IgniteCliInterfaceTest$Cluster,initSuccess,ID,java
ignite-3,ConfigurationAsmGeneratorTest,testPolymorphicErrors,ID,java
ignite-3,RocksDbSortedIndexStorageTest,testEmptyRange,ID,java
ignite-3,RocksDbSortedIndexStorageTest,testRowSerialization,ID,java
ignite-3,RocksDbMvPartitionStorageTest,abortOfInsertMakesRowNonExistentForReadByTimestamp,ID,java
ignite-3,RocksDbMvPartitionStorageTest,abortOfInsertMakesRowNonExistentForReadWithTxId,ID,java
ignite-3,RocksDbMvPartitionStorageTest,abortWriteRemovesUncommittedVersion,ID,java
ignite-3,RocksDbMvPartitionStorageTest,abortWriteReturnsTheRemovedVersion,ID,java
ignite-3,RocksDbMvPartitionStorageTest,addWriteReturnsNullIfNoUncommittedVersionExists,ID,java
ignite-3,RocksDbMvPartitionStorageTest,addWriteReturnsUncommittedVersionIfItExists,ID,java
ignite-3,RocksDbMvPartitionStorageTest,addWriteWithDifferentTxIdThrows,ID,java
ignite-3,RocksDbMvPartitionStorageTest,afterRemovalPreviousVersionRemainsAccessibleByTimestamp,ID,java
ignite-3,RocksDbMvPartitionStorageTest,afterRemovalReadByLatestTimestampFindsNothing,ID,java
ignite-3,RocksDbMvPartitionStorageTest,afterRemovalReadWithTxIdFindsNothing,ID,java
ignite-3,RocksDbMvPartitionStorageTest,commitAndAbortWriteNoOpIfNoUncommittedVersionExists,ID,java
ignite-3,RocksDbMvPartitionStorageTest,commitWriteMakesVersionAvailableToReadByTimestamp,ID,java
ignite-3,RocksDbMvPartitionStorageTest,readByExactlyCommitTimestampFindsRow,ID,java
ignite-3,RocksDbMvPartitionStorageTest,readByTimestampAfterCommitTimestampFindsRow,ID,java
ignite-3,RocksDbMvPartitionStorageTest,readByTimestampAfterWriteFindsUncommittedVersion,ID,java
ignite-3,RocksDbMvPartitionStorageTest,readByTimestampBeforeFirstVersionCommitTimestampFindsNothing,ID,java
ignite-3,RocksDbMvPartitionStorageTest,readByTimestampBetweenVersionsFindsPreviousVersion,ID,java
ignite-3,RocksDbMvPartitionStorageTest,readByTimestampOfLastVersionFindsLastVersion,ID,java
ignite-3,RocksDbMvPartitionStorageTest,readByTimestampOfPreviousVersionFindsPreviousVersion,ID,java
ignite-3,RocksDbMvPartitionStorageTest,readOfCommittedRowWithAnyTransactionIdReturnsTheRow,ID,java
ignite-3,RocksDbMvPartitionStorageTest,readOfUncommittedRowWithCorrespondingTransactionIdReturnsTheRow,ID,java
ignite-3,RocksDbMvPartitionStorageTest,readsCommittedVersionEvenWhenThereIsCommittedVersionBeforeIt,ID,java
ignite-3,RocksDbMvPartitionStorageTest,readsUncommittedVersionEvenWhenThereIsCommittedVersionBeforeIt,ID,java
ignite-3,RocksDbMvPartitionStorageTest,removalReturnsNullIfNoUncommittedVersionExists,ID,java
ignite-3,RocksDbMvPartitionStorageTest,removalReturnsUncommittedRowVersionIfItExists,ID,java
ignite-3,RocksDbMvPartitionStorageTest,secondUncommittedWriteWithSameTxIdReplacesExistingUncommittedWrite,ID,java
ignite-3,RocksDbMvPartitionStorageTest,testAbortWrite,ID,java
ignite-3,RocksDbMvPartitionStorageTest,testAddWrite,ID,java
ignite-3,RocksDbMvPartitionStorageTest,testCommitWrite,ID,java
ignite-3,RocksDbMvPartitionStorageTest,testReadsFromEmpty,ID,java
ignite-3,RocksDbMvPartitionStorageTest,testScan,ID,java
ignite-3,RocksDbMvPartitionStorageTest,testScanOverEmpty,ID,java
ignite-3,RocksDbMvPartitionStorageTest,testTransactionScanCursorInvariants,ID,java
ignite-3,RocksDbStorageEngineTest,testCreateTableWithDefaultDataRegion(TableConfiguration),ID,java
ignite-3,RocksDbStorageEngineTest,testCreateTableWithDynamicCustomDataRegion(TableConfiguration),ID,java
ignite-3,TableManagerTest,tableManagerStopTest,ID,java
ignite-3,TableManagerTest,testApiTableManagerOnStop,ID,java
ignite-3,TableManagerTest,testChangePeersAsyncRetryLogic,ID,java
ignite-3,TableManagerTest,testCreateTable,ID,java
ignite-3,TableManagerTest,testDoubledCreateTable,ID,java
ignite-3,TableManagerTest,testDropTable,ID,java
ignite-3,TableManagerTest,testGetTableDuringCreation,ID,java
ignite-3,TableManagerTest,testInternalApiTableManagerOnStop,ID,java
ignite-3,TableManagerTest,testPreconfiguredTable,ID,java
incubator-kie-drools,RuleWorksheetParse2Test,packageLevelAttributesShouldNotBeDuplicated,ID,java
incubator-kie-drools,RuleWorksheetParseFromFileTest,testWorkbookParse,ID,java
incubator-ratis,TestLeaderElectionMetrics,testOnLeaderElectionCompletion,OD,java
incubator-shardingsphere,ShardingSphereDataSourceMetaDataTest,assertGetAllInstanceDataSourceNamesForShardingRule,ID,java
incubator-shardingsphere,ConfigurationServiceTest,assertPersistConfigurationForMasterSlaveRuleWithAuthenticationAndIsNotOverwriteAndConfigurationIsNotExisted,ID,java
incubator-shardingsphere,ConfigurationServiceTest,assertPersistConfigurationForMasterSlaveRuleWithAuthenticationAndIsOverwrite,ID,java
incubator-shardingsphere,ConfigurationServiceTest,assertPersistConfigurationForShardingRuleWithAuthenticationAndIsNotOverwriteAndConfigurationIsNotExisted,ID,java
incubator-shardingsphere,ConfigurationServiceTest,assertPersistConfigurationForShardingRuleWithAuthenticationAndIsOverwrite,ID,java
kylin,DefaultAssignerTest,reBalanceTest,ID,java
nifi,CompositeUserGroupProviderTest,testMultipleProvidersWithCollaboratingUserGroupProvider,ID,java
nifi,CompositeUserGroupProviderTest,testMultipleProvidersWithConflictingUsers,ID,java
nifi,TestMergeContent,testDefragmentMultipleMingledSegments,ID,java
nifi,TestParseCEF,testCustomValidator,ID,java
nifi,TestSegmentContent,test,ID,java
opennlp,NgramLanguageModelTest,testBigram,ID,java
opennlp,NgramLanguageModelTest,testNgramModel,ID,java
opennlp,NgramLanguageModelTest,testTrigram,ID,java
opennlp,NaiveBayesSerializedCorrectnessTest,testPlainTextModel,ID,java
sedona,GeoJsonIOTest,testReadWriteGeoJson,ID,java
shardingsphere-elasticjob,JobEventRdbStorageTest,assertAddJobStatusTraceEventWhenFailoverWithTaskFailedState,NIO,java
shardingsphere-elasticjob,JobEventRdbStorageTest,assertAddJobStatusTraceEventWhenFailoverWithTaskStagingState,NIO,java
shardingsphere-elasticjob,FailoverServiceTest,assertGetLocalFailoverItemsIfShutdown,OD-Vic,java
shardingsphere-elasticjob,TriggerListenerManagerTest,assertTriggerWhenJobIsNotRunning,OD,java
shardingsphere-elasticjob,ShardingListenerManagerTest,assertListenServersChangedJobListenerWhenIsInstanceChangeButJobInstanceIsShutdown,OD,java
shardingsphere-elasticjob,GsonFactoryTest,assertRegisterTypeAdapter,NIO,java
skywalking,consumer,testConsumerLessThanChannel,OD,java
skywalking,consumer,testConsumerMoreThanChannel,OD,java
Struts,SMDMethodInterfaceTest,testBaseClassOnly,ID,java
Struts,SMDMethodInterfaceTest,testInterfaces,ID,java
Struts,Jsr168DispatcherTest,testProcessAction_ok,OD-Vic,java
Struts,Jsr168DispatcherTest,testRender_ok,OD-Vic,java
Struts,Jsr286DispatcherTest,testProcessAction_ok,OD-Vic,java
Struts,Jsr286DispatcherTest,testRender_ok,OD-Vic,java
Struts,JacksonXmlHandlerTest,testObjectToXml,ID,java
Struts,FreemarkerResultMockedTest,testDynamicAttributesSupport,ID,java
tika,XPSParserTest,testVarious,ID,java
wicket,AbstractDefaultAjaxBehaviorTest,renderAjaxAttributes,ID,java
wicket,AjaxCallbackFunctionTest,testCallbackFunctionWithAll,ID,java
wicket,AjaxCallbackFunctionTest,testCallbackFunctionWithContext,ID,java
wicket,AjaxCallbackFunctionTest,testCallbackFunctionWithConverted,ID,java
wicket,AjaxCallbackFunctionTest,testCallbackFunctionWithExplicit,ID,java
wicket,AjaxCallbackFunctionTest,testCallbackFunctionWithResolved,ID,java
wicket,AjaxCallbackFunctionTest,testDefaultCallbackFunction,ID,java
wicket,AjaxCallbackFunctionTest,testJQueryUIEvent,ID,java
wicket,CollectionFormComponentTest,getSetNullSet,ID,java
wicket,CollectionFormComponentTest,getSetUnmodifiableSet,ID,java
apollo,AppNamespaceServiceWithCacheTest,testAppNamespace,ID,java
apollo,RemoteConfigRepositoryTest,testAssembleQueryConfigUrl,ID,java
biojava,AtomCacheTest,testGetStructureForChainlessDomains,ID;NOD,java
biojava,AtomPositionMapTest,testChains,ID,java
biojava,TestBasePairParameters,testBasePair,ID,java
biojava,TestSubunitCluster,testMergeStructure,ID,java
biojava,TestSubunitExtractor,testHistone,ID,java
biojava,FastaAFPChainConverterTest,testFromFasta,ID,java
biojava,StructureSequenceMatcherTest,testGetProteinSequenceForStructure,ID,java
biojava,TestMMCIFWriting,testBeanAnnotations,ID,java
biojava,TestSecStrucCalc,testMultiModelPred,ID,java
biojava,TestSecStrucCalc,testSecStrucPred,ID,java
biojava,TestQuatSymmetryDetectorExamples,testLocal,ID,java
biojava,TestAtomCache,testAtomCacheNameParsing,ID,java
biojava,TestNucleotides,test1OFX,ID,java
biojava,TestParsingCalcium,testCalciumParsing,ID,java
biojava,TestStructureSerialization,testSerializeStructure,ID,java
javacpp,javacpp,BufferTest,ID,java
javacpp,javacpp,EnumTest,ID,java
javacpp,javacpp,PointerTest,ID,java
cucumber-jvm,RerunFormatterTest,should_one_entry_for_each_failing_feature,ID,java
dropwizard,App1Test,customJsonProvider,ID,java
dropwizard,App1Test,customJsonProviderClient,ID,java
dropwizard,App1Test,customJsonProviderRoundtrip,ID,java
dropwizard,DefaultLoggingFactoryPrintErrorMessagesTest,testLogbackStatusPrinterPrintStreamIsRestoredToSystemOut,OD-Vic,java
ebean,bean,ToStringBuilderTest,ID,java
vert.x,CaseInsensitiveHeadersTest,testAddAll2,ID,java
vert.x,CaseInsensitiveHeadersTest,testSetAll,ID,java
vert.x,Http2HeadersAdaptorsTest,testAddAll2,ID,java
vert.x,HttpHeadersAdaptorTest,testAddAll2,ID,java
eco-schema-catalog,InheritingMetadataContainerTest,testCorrectRemoveOfVersionWithNoOriginKey,ID,java
eco-schema-catalog,InheritingMetadataContainerTest,testCorrectRestoreOfVersionOnRemoveOriginKey,ID,java
eco-schema-catalog,InheritingMetadataContainerTest,testGetByVersion3,ID,java
eco-schema-catalog,InheritingMetadataContainerTest,testPut1,ID,java
eco-schema-catalog,InheritingMetadataContainerTest,testPut2,ID,java
eco-schema-catalog,InheritingMetadataContainerTest,testPut3,ID,java
eco-schema-catalog,InheritingMetadataContainerTest,testPutRemove1,ID,java
eco-schema-catalog,InheritingMetadataContainerTest,testRemove1,ID,java
eco-schema-catalog,InheritingMetadataContainerTest,testRemove2,ID,java
ecchronos,TestRepairStateImpl,testPartiallyRepaired,ID,java
para,MockDAOTest,testReadPage,ID,java
esper,TestConfiguration,testFile,ID,java
esper,TestConfiguration,testString,ID,java
esper,TestConfiguration,testURL,ID,java
esper,TestLeafAssemblyNode,testProcess,ID,java
esper,TestSuiteContext,testContextCategory,ID,java
json-schema,ObjectSchemaTest,multipleSchemaDepViolation,ID,java
json-schema,ObjectSchemaTest,toStringNoExplicitType,ID,java
json-schema,ObjectSchemaTest,toStringTest,ID,java
json-schema,ObjectSchemaTest,toStringWithUnprocessedProps,ID,java
jsondoc,JSONDocApiAuthBuilderTest,testApiAuthToken,ID,java
jackson-annotations,JsonIncludePropertiesTest,testFromAnnotation,ID,java
jackson-databind,TestBeanConversions,testConversionIssue288,ID,java
jackson-databind,TestConvertingSerializer,testIssue731,ID,java
jackson-databind,CyclicTypesDeserTest,testIgnoredCycle,ID,java
jackson-databind,MapEntryFormatTest,testAsObjectRoundtrip,ID,java
jackson-databind,MapEntryFormatTest,testDefaultShapeOverride,ID,java
jackson-databind,TestNamingStrategyStd,testUpperSnakeCaseTranslations,OD,java
jackson-databind,TestGenerateJsonSchema,testUnwrapping,ID,java
jackson-databind,ExistingPropertyTest,testExistingPropertySerializationFruits,ID,java
jackson-databind,MapperJDKSerializationTest,testEnumHandlers,ID,java
jackson-databind,MapperJDKSerializationTest,testMapperWithModule,ID,java
jackson-databind,MapperJDKSerializationTest,testObjectMapper,ID,java
jackson-databind,MapperJDKSerializationTest,testObjectWriter,ID,java
jackson-databind,TestConversions,testValueToTree,ID,java
jackson-databind,TestObjectIdWithEquals,testSimpleEquals,ID,java
jackson-databind,AnyGetterTest,testAnyGetterWithMapperDefaultIncludeNonEmptyAndFilterOnBean,ID,java
jackson-databind,SimpleFilterProviderTest,testAddFilterLastOneRemainsFlip,ID,java
jackson-databind,SimpleFilterProviderTest,testAddFilterWithEmptyStringId,ID,java
jackson-databind,TestRootType,testRootNameWithExplicitType,ID,java
jackson-databind,TestPOJOAsArrayWithBuilder,testSimpleBuilder,ID,java
jackson-databind,TestPOJOAsArrayWithBuilder,testUnknownExtraProp,ID,java
jackson-dataformat-xml,AttributesWithJAXBTest,testTwoAttributes,OD,java
jackson-dataformat-xml,ElementWrapperTest,testNoElementWrapper,ID,java
jackson-dataformat-xml,WithJAXBAnnotationsTest,testPersonAsXml,OD,java
jackson-dataformat-xml,Issue101UnwrappedListAttributesTest,testWithTwoAttributes,OD,java
jackson-dataformat-xml,ListAnnotationSharingTest,testAnnotationSharing,OD,java
jackson-dataformat-xml,UnwrappingWithXMLTest,testUnwrappingWithAttribute,OD,java
jackson-dataformat-xml,TestIndentation,testMultiLevel172,OD,java
jackson-dataformat-xml,TestJDKSerializability,testMapper,OD,java
jackson-dataformat-xml,TestSerializationAttr,testIssue6,OD,java
jackson-dataformats-binary,SequenceWriterTest,testSimpleSeqWrite,ID,java
jackson-dataformats-binary,NextXxxParsingTeskt,testNextInt,ID,java
jackson-dataformats-binary,ReadSimpleTest,testReadPointInt,ID,java
jackson-dataformats-binary,ReadSimpleTest,testReadPointLong,ID,java
jackson-dataformats-binary,ReadSimpleTest,testStringArrayWithName,ID,java
jackson-dataformats-binary,WriteArrayTest,testPointArrayPacked,ID,java
jackson-dataformats-binary,WriteArrayTest,testPointArraySparse,ID,java
jackson-dataformats-binary,WriteBinaryTest,testSimpleBinary,ID,java
jackson-dataformats-binary,WriteSimpleTest,testWriteCoord,ID,java
jackson-dataformats-binary,WriteSimpleTest,testWritePointInt,ID,java
jackson-dataformats-binary,WriteStringsTest,testSimpleLongAscii,ID,java
jackson-dataformats-binary,WriteStringsTest,testSimpleLongThreeByteUTF8,ID,java
jackson-dataformats-binary,WriteStringsTest,testSimpleLongTwoByteUTF8,ID,java
jackson-dataformats-binary,WriteStringsTest,testSimpleShort,ID,java
jackson-dataformats-binary,SequenceWriterTest,testSimpleSeqWrite,ID,java
jackson-dataformats-text,ObjectIdTest,testNativeSerialization,ID,java
jackson-jakarta-rs-providers,AnnotationBundleKeyTest,testWithClassAnnotations,ID,java
jackson-jakarta-rs-providers,AnnotationBundleKeyTest,testWithMethodAnnotationEquals,ID,java
jackson-jaxrs-providers,AnnotationBundleKeyTest,testWithClassAnnotations,ID,java
jackson-jaxrs-providers,AnnotationBundleKeyTest,testWithMethodAnnotationEquals,ID,java
jackson-jaxrs-providers,WriteModificationsTest,testIndentationWithResource,ID,java
jackson-module-jsonSchema,TestGenerateJsonSchema,testMultiplePropertyDependencies,ID,java
jackson-module-jsonSchema,TestGenerateJsonSchema,testSchemaPropertyDependencies,ID,java
jackson-module-jsonSchema,TestGenerateJsonSchema,testSchemaPropertyDependency,ID,java
jackson-module-jsonSchema,TestGenerateJsonSchema,testSinglePropertyDependency,ID,java
jackson-module-jsonSchema,TestUnwrapping,testUnwrapping,ID,java
jackson-modules-base,JDKScalarsDeserTest,testNullForPrimitivesNotAllowedMisc,ID,java
jackson-modules-base,TestSimpleSerialize,testFiveMinuteDoc,ID,java
jackson-modules-base,JDKScalarsDeserTest,testNullForPrimitivesNotAllowedMisc,ID,java
jackson-modules-base,TestSimpleSerialize,testFiveMinuteDoc,ID,java
hsac-fitnesse-fixtures,NamespaceContextImplTest,testAddMultipleGet,ID,java
flowable-engine,VariableFunctionDelegatesTest,testVariableEquals,ID,java
flowable-engine,VariableFunctionDelegatesTest,testVariableEqualsVariableNotQuoted,ID,java
flowable-engine,RepetitionRuleTest,testRepeatingRuleUserEventListener,ID,java
flowable-engine,ProcessTaskTest,testExitAvailableProcessTaskThroughExitSentryOnStage,ID,java
flowable-engine,CaseTaskTest,testTerminateAvailableCaseTask,ID,java
flowable-engine,ExitCriteriaTest,testExitPlanModelWithExpression,ID,java
flowable-engine,ChangeStateForGatewaysTest,testSetCurrentActivityToMultipleActivitiesForParallelGateway,ID,java
flowable-engine,ProcessInstanceMigrationGatewaysTest,testMigrateActivityInsideExclusiveGatewayToActivityOutside,ID,java
flowable-engine,ProcessInstanceMigrationGatewaysTest,testMigrateActivityToExclusiveGatewayStartInsideEmbeddedSubProcess,ID,java
flowable-engine,ProcessInstanceMigrationGatewaysTest,testMigrateActivityToExclusiveGatewayStartInsideEmbeddedSubProcessDefaultFlow,ID,java
flowable-engine,ProcessInstanceMigrationGatewaysTest,testMigrateActivityToExclusiveGatewayStartWithConditionSpecifiedAsProcessVariableDuringMigration,ID,java
flowable-engine,ProcessInstanceMigrationGatewaysTest,testMigrateActivityToExclusiveGatewayStartWithConditionSpecifiedBeforeMigration,ID,java
flowable-engine,ProcessInstanceMigrationGatewaysTest,testMigrateActivityToExclusiveGatewayStartWithConditionSpecifiedDuringMigration,ID,java
flowable-engine,ProcessInstanceMigrationGatewaysTest,testMigrateActivityToExclusiveGatewayStartWithDefaultFlow,ID,java
flowable-engine,VariableExpressionFunctionsTest,testGetVariableEquals,ID,java
TestParameterInjector,ParameterValueParsingTest,formatTestNameString_success[ARRAY],ID,java
TestParameterInjector,ParameterValueParsingTest,formatTestNameString_success[CHAR_MATCHER],ID,java
TestParameterInjector,ParameterValueParsingTest,formatTestNameString_success[EMPTY_STRING],ID,java
TestParameterInjector,ParameterValueParsingTest,formatTestNameString_success[INTEGER],ID,java
TestParameterInjector,ParameterValueParsingTest,formatTestNameString_success[INTEGER_STRING],ID,java
TestParameterInjector,ParameterValueParsingTest,formatTestNameString_success[NULL_REFERENCE],ID,java
TestParameterInjector,ParameterValueParsingTest,formatTestNameString_success[NULL_STRING],ID,java
TestParameterInjector,ParameterValueParsingTest,formatTestNameString_success[REGULAR_STRING],ID,java
TestParameterInjector,ParameterValueParsingTest,parseYamlStringToJavaType_success[BIG_INTEGER_TO_BIGINTEGER],ID,java
TestParameterInjector,ParameterValueParsingTest,parseYamlStringToJavaType_success[BIG_INTEGER_TO_UNSIGNED_LONG],ID,java
TestParameterInjector,ParameterValueParsingTest,parseYamlStringToJavaType_success[BINARY_TO_BYTESTRING],ID,java
TestParameterInjector,ParameterValueParsingTest,parseYamlStringToJavaType_success[BOOLEAN_TO_BOOLEAN],ID,java
TestParameterInjector,ParameterValueParsingTest,parseYamlStringToJavaType_success[BOOLEAN_TO_STRING],ID,java
TestParameterInjector,ParameterValueParsingTest,parseYamlStringToJavaType_success[DOUBLE_TO_DOUBLE],ID,java
TestParameterInjector,ParameterValueParsingTest,parseYamlStringToJavaType_success[DOUBLE_TO_STRING],ID,java
TestParameterInjector,ParameterValueParsingTest,parseYamlStringToJavaType_success[INFINITY_TO_DOUBLE],ID,java
TestParameterInjector,ParameterValueParsingTest,parseYamlStringToJavaType_success[INTEGER_TO_BIG_INTEGER],ID,java
TestParameterInjector,ParameterValueParsingTest,parseYamlStringToJavaType_success[INTEGER_TO_UNSIGNED_LONG],ID,java
TestParameterInjector,ParameterValueParsingTest,parseYamlStringToJavaType_success[INT_TO_DOUBLE],ID,java
TestParameterInjector,ParameterValueParsingTest,parseYamlStringToJavaType_success[INT_TO_FLOAT],ID,java
TestParameterInjector,ParameterValueParsingTest,parseYamlStringToJavaType_success[INT_TO_INT],ID,java
TestParameterInjector,ParameterValueParsingTest,parseYamlStringToJavaType_success[INT_TO_LONG],ID,java
TestParameterInjector,ParameterValueParsingTest,parseYamlStringToJavaType_success[INT_TO_STRING],ID,java
TestParameterInjector,ParameterValueParsingTest,parseYamlStringToJavaType_success[LONG_TO_BIG_INTEGER],ID,java
TestParameterInjector,ParameterValueParsingTest,parseYamlStringToJavaType_success[LONG_TO_DOUBLE],ID,java
TestParameterInjector,ParameterValueParsingTest,parseYamlStringToJavaType_success[LONG_TO_LONG],ID,java
TestParameterInjector,ParameterValueParsingTest,parseYamlStringToJavaType_success[LONG_TO_STRING],ID,java
TestParameterInjector,ParameterValueParsingTest,parseYamlStringToJavaType_success[LONG_TO_UNSIGNED_LONG],ID,java
TestParameterInjector,ParameterValueParsingTest,parseYamlStringToJavaType_success[NAN_TO_DOUBLE],ID,java
TestParameterInjector,ParameterValueParsingTest,parseYamlStringToJavaType_success[NEGATIVE_INFINITY_TO_DOUBLE],ID,java
TestParameterInjector,ParameterValueParsingTest,parseYamlStringToJavaType_success[POSITIVE_INFINITY_TO_DOUBLE],ID,java
TestParameterInjector,ParameterValueParsingTest,parseYamlStringToJavaType_success[STRING_TO_BYTESTRING],ID,java
TestParameterInjector,ParameterValueParsingTest,parseYamlStringToJavaType_success[STRING_TO_BYTES],ID,java
TestParameterInjector,ParameterValueParsingTest,parseYamlStringToJavaType_success[STRING_TO_ENUM],ID,java
TestParameterInjector,TestParameterAnnotationMethodProcessorTest,test[AnnotatedSuperclassParameter:SUCCESS_ALWAYS],ID,java
TestParameterInjector,TestParameterAnnotationMethodProcessorTest,test[AnnotationInheritedFromBaseClass:SUCCESS_ALWAYS],ID,java
TestParameterInjector,TestParameterAnnotationMethodProcessorTest,test[DuplicatedAnnotatedParameterAnnotationClass:SUCCESS_ALWAYS],ID,java
TestParameterInjector,TestParameterAnnotationMethodProcessorTest,test[DuplicateFieldAnnotationTestClass:SUCCESS_ALWAYS],ID,java
TestParameterInjector,TestParameterAnnotationMethodProcessorTest,test[DuplicateIdenticalFieldAnnotationTestClass:SUCCESS_ALWAYS],ID,java
TestParameterInjector,TestParameterAnnotationMethodProcessorTest,test[DuplicateTestNames:SUCCESS_ALWAYS],ID,java
TestParameterInjector,TestParameterAnnotationMethodProcessorTest,test[IndependentAnnotation:SUCCESS_ALWAYS],ID,java
TestParameterInjector,TestParameterAnnotationMethodProcessorTest,test[MethodEvaluatorClass:SUCCESS_ALWAYS],ID,java
TestParameterInjector,TestParameterAnnotationMethodProcessorTest,test[MethodNameContainsOrderedParameterNames:SUCCESS_ALWAYS],ID,java
TestParameterInjector,TestParameterAnnotationMethodProcessorTest,test[MultipleAllEnumValuesAnnotationClass:SUCCESS_ALWAYS],ID,java
TestParameterInjector,TestParameterAnnotationMethodProcessorTest,test[MultipleAnnotationTestClassWithAnnotation:SUCCESS_ALWAYS],ID,java
TestParameterInjector,TestParameterAnnotationMethodProcessorTest,test[SingleAnnotatedParameterAnnotationClass:SUCCESS_ALWAYS],ID,java
TestParameterInjector,TestParameterAnnotationMethodProcessorTest,test[TestNamesTest:SUCCESS_ALWAYS],ID,java
TestParameterInjector,TestParameterAnnotationMethodProcessorTest,test[TooLongTestNamesShortened:SUCCESS_ALWAYS],ID,java
TestParameterInjector,TestParametersMethodProcessorTest,test_success[MixedWithTestParameterMethodAnnotation],ID,java
TestParameterInjector,TestParameterTest,test[MultipleAnnotatedParameters],ID,java
TestParameterInjector,TestParameterTest,test[WithValuesProvider],ID,java
graphhopper,StringIndexTest,putDuplicate,ID,java
graphhopper,StringIndexTest,testLoadKeys,ID,java
graylog2-server,IPSubnetConverterTest,testDefault,ID,java
graylog2-server,IPSubnetConverterTest,testNormalize,ID,java
morel,MainTest,testCompute,ID,java
morel,MainTest,testCrossApplyGroup,ID,java
spoon,CommentTest,testAnnotationTypeComment,ID,java
spoon,SubstitutionTest,testCreateTypeFromTemplate,ID,java
jndn-utils,DefaultSegmentedClientTest,testGetSegmentsAsync,ID,java
jndn-utils,DefaultSegmentedClientTest,verifyThatSegmentsAreRetrievedOnlyOnce,ID,java
json-io,AtomicIntegerTest,testAssignAtomicInteger,ID,java
json-io,EnumTests,testEnumWithPrivateMembersAsField_withPrivatesOn,ID,java
jetty.project,SslConnectionFactoryTest,testSNIConnect,ID,java
jnr-posix,GroupTest,getgroups,OD,java
jnr-posix,NlLanginfoTest,testNlLanginfo,OD,java
jnr-posix,SpawnTest,closeInput,OD,java
jnr-posix,SpawnTest,inputPipe,OD,java
jnr-posix,SpawnTest,outputPipe,OD,java
jnr-posix,SpawnTest,validPid,OD,java
jolokia,JolokiaServerIntegrationTest,simple,ID,java
jolokia,JolokiaServerIntegrationTest,withPlainBean,ID,java
jolokia,SpringJolokiaServerTest,withMultiConfigAndStart,ID,java
jolokia,SpringJolokiaServerTest,withStart,ID,java
jolokia,SpringJolokiaServerTest,systemProperties,ID,java
optaplanner,SolutionDescriptorTest,extendedAbstractSolution,ID,java
optaplanner,SolutionDescriptorTest,extendedAbstractSolutionOverridesGetScore,ID,java
marine-api,AbstractAISMessageListenerTest,testSequenceListenerWithIncorrectOrder,OD-Vic,java
marine-api,AISMessageFactoryTest,testCreateWithTwo,OD-Vic,java
java,KubernetesInformerCreatorTest,testInformerInjection,OD,java
liquibase,AddColumnGeneratorDefaultClauseBeforeNotNullTest,testAddMultipleColumnsMySql,ID,java
liquibase,DependencyUtilTest,testIndependentBranchesCase,ID,java
timely,MetricAdapterTest,testToMetricResponse,ID,java
openapi-generator,DefaultCodegenTest,testVarsAndRequiredVarsPresent,ID,java
openapi-generator,JavaClientCodegenTest,testMicroprofileRestClientIncorrectVersion,ID,java
feign-vertx,VertxHttpClientTest$WhenMakePostRequest,testWillMakeOrder(VertxTestContext),ID,java
tribuo,CSVSaverWithMultiOutputsTest,loaderCanReconstructSavedMultiLabel,ID,java
tribuo,CSVSaverWithMultiOutputsTest,loaderCanReconstructSavedMultipleRegression,ID,java
tribuo,CSVSaverWithMultiOutputsTest,savesMultiLabel,ID,java
tribuo,CSVSaverWithMultiOutputsTest,savesMultipleRegression,ID,java
weblogic-monitoring-exporter,ExporterConfigTest,whenYamlContainsMergeableQueries_MergeThem,ID,java
weblogic-monitoring-exporter,WebClient8ImplTest,whenUnprotected_sendPutToServer,ID,java
weblogic-monitoring-exporter,WebClientImplTest,whenUnprotected_sendPutToServer,ID,java
oryx,PMMLUtilsTest,testToString,ID,java
Algorithms,FindNthMostRepeatedElementTest,shouldFindNthMostRepeatedElement,ID,java
junit-quickcheck,SetOfSuperFloatPropertyParameterTest,producesExpectedRandomValues,ID,java
junit-quickcheck,SetOfSuperFloatPropertyParameterTest,verifyInteractionWithRandomness,ID,java
junit-quickcheck,ExplicitGroupOfPropertyParameterGeneratorsChosenWithDiscreteProbabilityTest,producesExpectedRandomValues,ID,java
junit-quickcheck,ExplicitGroupOfPropertyParameterGeneratorsChosenWithEqualProbabilityTest,producesExpectedRandomValues,ID,java
junit-quickcheck,ExplicitPropertyParameterGeneratorsChosenWithEqualProbabilityTest,producesExpectedRandomValues,ID,java
quarkus,CodestartProjectGenerationTest,checkDefaultProject,ID,java
quarkus,ExtensionCatalogSerializationTest,testExtensionCatalog,ID,java
quarkus,ExtensionCatalogSerializationTest,testPlatformsConfig,ID,java
quarkus,DevToolsConfigSerializationTest,testRegistryMavenRepoUrlAndId,ID,java
querydsl,GenericExporterTest,execute,ID,java
querydsl,GenericExporterTest,execute2,ID,java
querydsl,SearchQueryTest,count,NOD,java
querydsl,SearchQueryTest,list,NIO;NOD,java
querydsl,SearchQueryTest,listResults,NOD;OD-Brit,java
querydsl,SearchQueryTest,no_where,NIO;NOD,java
querydsl,SearchQueryTest,ordering,NIO;NOD,java
querydsl,SearchQueryTest,paging,NOD,java
runelite,AssemblerTest,testAssemble[0],ID,java
runelite,AssemblerTest,testAssemble[1],ID,java
scimono,GroupRequestTest,testReadGroupsWithIndexPagedResponse,ID,java
scimono,ResourcePageQueryTest,testCreateCustomIdentityFilter,ID,java
scimono,ResourcePageQueryTest,testCreateCustomIndexFilter,ID,java
scimono,ResourcePageQueryTest,testCreateDefaultIdentityFilter,ID,java
scimono,ResourcePageQueryTest,testCreateDefaultIndexFilter,ID,java
scimono,SCIMResourceRequestInvocationTest,readResourcesTests,ID,java
scimono,SCIMResourceResponseHandlingTest,testReadAllUsers,ID,java
scimono,SCIMResourceResponseHandlingTest,testReadMultipleUsersDefaultFilter,ID,java
scimono,SCIMResourceResponseHandlingTest,testReadMultipleUsersIndexFilter,ID,java
scimono,UserRequestTest,testReadUsersWithIndexPagedResponse,ID,java
scimono,UserRequestTest,testReadUsersWithPagedByIdentityResponse,ID,java
snakeyaml,types,testBoolOutAsEmpty3,ID,java
snakeyaml,types,testNullOutAsEmpty2,ID,java
tools,TestPackageSheet,tesConcludedLicensetCol,ID,java
tools,TestPackageSheet,testDeclaredLicenseCol,ID,java
spring-cloud-config,GiteePropertyPathNotificationExtractorTests,giteeSample,ID,java
spring-data-envers,QueryDslRepositoryIntegrationTests,testWithRevisions,OD-Vic,java
FluentJPA,FamilyTest,test1,ID,java
flow,BeanValidatorTest,testInvalidDecimalsFailsInFrench,OD,java
typescript-generator,EnumConstantsExtensionTest,basicTest,ID,java
typescript-generator,EnumConstantsExtensionTest,testSorting,ID,java
typescript-generator,EnumTest,testEnumAsEnum,ID,java
typescript-generator,EnumTest,testEnumAsInlineUnion,ID,java
typescript-generator,EnumTest,testEnumAsNumberBasedEnum,ID,java
typescript-generator,EnumTest,testEnumAsUnion,ID,java
typescript-generator,EnumTest,testEnumMapKeys_asInlineUnion,ID,java
typescript-generator,EnumTest,testEnumUsingToString,ID,java
typescript-generator,EnumTest,testEnumWithJsonPropertyAnnotations,ID,java
typescript-generator,EnumTest,testEnumWithJsonValueFieldAnnotation,ID,java
typescript-generator,EnumTest,testEnumWithJsonValueMethodAnnotation,ID,java
typescript-generator,EnumTest,testSingleEnum,ID,java
wikidata-toolkit,MwDumpFileProcessingTest,testMwDailyDumpFileProcessing,OD-Brit,java
wikidata-toolkit,MwDumpFileProcessingTest,testMwMostRecentFullDumpFileProcessing,OD-Brit,java
wikidata-toolkit,MwDumpFileProcessingTest,testMwRecentCurrentDumpFileProcessing,OD-Brit,java
wikidata-toolkit,DirectoryManagerFactoryTest,createDefaultDirectoryManagerPath,OD-Vic,java
wikidata-toolkit,DirectoryManagerFactoryTest,createDirectoryManagerIoException,OD-Vic,java
wildfly,InitialContextFactoryTestCase,testInitialFactory,OD-Vic,java
wildfly,InitialContextFactoryTestCase,testJavaContext,OD-Vic,java
wildfly,InitialContextTestCase,testRegisterURLSchemeHandler,OD-Vic,java
wildfly,NamingContextTestCase,testBind,OD-Vic,java
wildfly,NamingContextTestCase,testBindReferenceable,OD-Vic,java
wildfly,NamingContextTestCase,testCreateSubcontext,OD-Vic,java
wildfly,NamingContextTestCase,testList,OD-Vic,java
wildfly,NamingContextTestCase,testListBindings,OD-Vic,java
wildfly,NamingContextTestCase,testListBindingsNameNotFound,OD-Vic,java
wildfly,NamingContextTestCase,testListBindingsWithContinuation,OD-Vic,java
wildfly,NamingContextTestCase,testListNameNotFound,OD-Vic,java
wildfly,NamingContextTestCase,testListWithContinuation,OD-Vic,java
wildfly,NamingContextTestCase,testLookup,OD-Vic,java
wildfly,NamingContextTestCase,testLookupContextLink,OD-Vic,java
wildfly,NamingContextTestCase,testLookupEmptyName,OD-Vic,java
wildfly,NamingContextTestCase,testLookupLink,OD-Vic,java
wildfly,NamingContextTestCase,testLookupNameNotFound,OD-Vic,java
wildfly,NamingContextTestCase,testLookupReference,OD-Vic,java
wildfly,NamingContextTestCase,testLookupWithContinuation,OD-Vic,java
wildfly,NamingContextTestCase,testLookupWitResolveResult,OD-Vic,java
wildfly,NamingContextTestCase,testRebind,OD-Vic,java
wildfly,NamingContextTestCase,testRebindReferenceable,OD-Vic,java
wildfly,NamingContextTestCase,testUnbind,OD-Vic,java
wildfly,NamingEventCoordinatorTestCase,testFireAllEvent,OD-Vic,java
wildfly,NamingEventCoordinatorTestCase,testFireMultiLevelEvent,OD-Vic,java
wildfly,NamingEventCoordinatorTestCase,testFireObjectEvent,OD-Vic,java
wildfly,NamingEventCoordinatorTestCase,testFireOneLevelEvent,OD-Vic,java
wildfly,NamingEventCoordinatorTestCase,testFireSubTreeEvent,OD-Vic,java
wildfly,ObjectFactoryTestCase,testBindAndRetrieveObjectFactoryFromInitialContext,OD-Vic,java
wildfly,ObjectFactoryTestCase,testBindAndRetrieveObjectFactoryFromNamingContext,OD-Vic,java
wildfly,ServiceBasedNamingStoreTestCase,testListBindings,OD-Vic,java
wildfly,ServiceBasedNamingStoreTestCase,testLookupBinding,OD-Vic,java
wildfly,ServiceBasedNamingStoreTestCase,testLookupBindingUsingNestedContext,OD-Vic,java
wildfly,ServiceBasedNamingStoreTestCase,testStoredContext,OD-Vic,java
wildfly,NamingSubsystemTestCase,testCompositeBindingOps,OD-Vic,java
wildfly,NamingSubsystemTestCase,testCompositeBindingUpdate,OD-Vic,java
wildfly,NamingSubsystemTestCase,testOnlyExternalContextAllowsCache,OD-Vic,java
wildfly,NamingSubsystemTestCase,testRejectionsEAP6,OD-Vic,java
wildfly,NamingSubsystemTestCase,testRejectionsEAP7,OD-Vic,java
wildfly,NamingSubsystemTestCase,testSubsystem,OD-Vic,java
wildfly,StandardConfigsXMLValidationUnitTestCase,testDomain,ID,java
wildfly,StandardConfigsXMLValidationUnitTestCase,testDomain,ID,java
wildfly,StandardConfigsXMLValidationUnitTestCase,testDomain,ID,java
wildfly,StandardConfigsXMLValidationUnitTestCase,testHost,ID,java
wildfly,StandardConfigsXMLValidationUnitTestCase,testHost,ID,java
wildfly,StandardConfigsXMLValidationUnitTestCase,testHost,ID,java
wildfly,StandardConfigsXMLValidationUnitTestCase,testHostMaster,ID,java
wildfly,StandardConfigsXMLValidationUnitTestCase,testHostMaster,ID,java
wildfly,StandardConfigsXMLValidationUnitTestCase,testHostPrimary,ID,java
wildfly,StandardConfigsXMLValidationUnitTestCase,testHostSecondary,ID,java
wildfly,StandardConfigsXMLValidationUnitTestCase,testHostSlave,ID,java
wildfly,StandardConfigsXMLValidationUnitTestCase,testHostSlave,ID,java
wildfly,StandardConfigsXMLValidationUnitTestCase,testStandalone,ID,java
wildfly,StandardConfigsXMLValidationUnitTestCase,testStandalone,ID,java
wildfly,StandardConfigsXMLValidationUnitTestCase,testStandalone,ID,java
wildfly,StandardConfigsXMLValidationUnitTestCase,testStandaloneActiveMQEmbedded,ID,java
wildfly,StandardConfigsXMLValidationUnitTestCase,testStandaloneEC2FullHA,ID,java
wildfly,StandardConfigsXMLValidationUnitTestCase,testStandaloneEC2FullHA,ID,java
wildfly,StandardConfigsXMLValidationUnitTestCase,testStandaloneEC2HA,ID,java
wildfly,StandardConfigsXMLValidationUnitTestCase,testStandaloneEC2HA,ID,java
wildfly,StandardConfigsXMLValidationUnitTestCase,testStandaloneFull,ID,java
wildfly,StandardConfigsXMLValidationUnitTestCase,testStandaloneFull,ID,java
wildfly,StandardConfigsXMLValidationUnitTestCase,testStandaloneFull,ID,java
wildfly,StandardConfigsXMLValidationUnitTestCase,testStandaloneGenericJMS,ID,java
wildfly,StandardConfigsXMLValidationUnitTestCase,testStandaloneGenericJMS,ID,java
wildfly,StandardConfigsXMLValidationUnitTestCase,testStandaloneGenericJMS,ID,java
wildfly,StandardConfigsXMLValidationUnitTestCase,testStandaloneGossipFullHA,ID,java
wildfly,StandardConfigsXMLValidationUnitTestCase,testStandaloneGossipFullHA,ID,java
wildfly,StandardConfigsXMLValidationUnitTestCase,testStandaloneGossipHA,ID,java
wildfly,StandardConfigsXMLValidationUnitTestCase,testStandaloneGossipHA,ID,java
wildfly,StandardConfigsXMLValidationUnitTestCase,testStandaloneHA,ID,java
wildfly,StandardConfigsXMLValidationUnitTestCase,testStandaloneHA,ID,java
wildfly,StandardConfigsXMLValidationUnitTestCase,testStandaloneHA,ID,java
wildfly,StandardConfigsXMLValidationUnitTestCase,testStandaloneJTS,ID,java
wildfly,StandardConfigsXMLValidationUnitTestCase,testStandaloneJTS,ID,java
wildfly,StandardConfigsXMLValidationUnitTestCase,testStandaloneJTS,ID,java
wildfly,StandardConfigsXMLValidationUnitTestCase,testStandaloneMicroProfile,ID,java
wildfly,StandardConfigsXMLValidationUnitTestCase,testStandaloneMicroProfileHA,ID,java
wildfly,StandardConfigsXMLValidationUnitTestCase,testStandaloneMinimalistic,ID,java
wildfly,StandardConfigsXMLValidationUnitTestCase,testStandaloneMinimalistic,ID,java
wildfly,StandardConfigsXMLValidationUnitTestCase,testStandaloneRTS,ID,java
wildfly,StandardConfigsXMLValidationUnitTestCase,testStandaloneRTS,ID,java
wildfly,StandardConfigsXMLValidationUnitTestCase,testStandaloneRTS,ID,java
wildfly,StandardConfigsXMLValidationUnitTestCase,testStandaloneXTS,ID,java
wildfly,StandardConfigsXMLValidationUnitTestCase,testStandaloneXTS,ID,java
wildfly,StandardConfigsXMLValidationUnitTestCase,testStandaloneXTS,ID,java
wildfly,testStandaloneXTS,testStandaloneMinimalistic,ID,java
wildfly,UndertowSubsystem100TestCase,testRuntime,ID,java
wildfly,UndertowSubsystem110TestCase,testRuntime,ID,java
wildfly,UndertowSubsystem30TestCase,testRuntime,ID,java
wildfly,UndertowSubsystem31TestCase,testRuntime,ID,java
wildfly,UndertowSubsystem40TestCase,testRuntime,ID,java
wildfly,UndertowSubsystem50TestCase,testRuntime,ID,java
wildfly,UndertowSubsystem60TestCase,testRuntime,ID,java
wildfly,UndertowSubsystem70TestCase,testRuntime,ID,java
wildfly,UndertowSubsystem80TestCase,testRuntime,ID,java
wildfly,UndertowSubsystem90TestCase,testRuntime,ID,java
wildfly-core,HelpSupportTestCase,testStandalone,ID,java
wildfly-core,BootScriptInvoker,test,ID,java
jboot,CaffeineTester,testDue,OD,java
jboot,CaffeineTester,testGet,OD,java
jboot,CaffeineTester,testPut,OD,java
jboot,CaffeineTester,testTtl,OD,java
jboot,EhCacheTester,testGet,OD,java
jboot,EhCacheTester,testPut,OD,java
riptide,MetricsTest,shouldRecordCircuitBreakers,NIO;UD,java
riptide,MetricsTest,shouldRecordRequests,ID;OD-Vic,java
